{
  "experiment_id": "20251029_180426",
  "timestamp": "2025-10-29T18:04:26.099047",
  "data_summary": {
    "instruments": [
      "AUD_CHF",
      "AUD_JPY",
      "AUD_NZD",
      "AUD_USD",
      "CAD_JPY",
      "CHF_JPY",
      "EUR_AUD",
      "EUR_CAD",
      "EUR_CHF",
      "EUR_GBP",
      "EUR_JPY",
      "EUR_NZD",
      "EUR_USD",
      "GBP_AUD",
      "GBP_CAD",
      "GBP_CHF",
      "GBP_JPY",
      "GBP_NZD",
      "GBP_USD",
      "NZD_JPY",
      "NZD_USD",
      "USD_CAD",
      "USD_CHF",
      "USD_JPY"
    ],
    "n_samples": 2000,
    "n_features": 5,
    "data_period": "2000 most recent bars"
  },
  "correlations": {
    "AUD_CHF": -0.006964963480764835,
    "AUD_JPY": -0.025230876343778234,
    "AUD_NZD": -0.02493036707116941,
    "AUD_USD": -0.030679524504806936,
    "CAD_JPY": 0.01843240022184785,
    "CHF_JPY": 0.0048029652441740735,
    "EUR_AUD": 0.017187882596858838,
    "EUR_CAD": 0.0061788962394915175,
    "EUR_CHF": -0.012751518654283932,
    "EUR_GBP": -0.0014696963314892895,
    "EUR_JPY": -0.013261452022452195,
    "EUR_NZD": 0.000492992459279249,
    "EUR_USD": -0.019110085274968536,
    "GBP_AUD": 0.008828852480180576,
    "GBP_CAD": 0.0033884766002364635,
    "GBP_CHF": -0.017820931022647944,
    "GBP_JPY": -0.02353820031018476,
    "GBP_NZD": -0.001259416865419341,
    "GBP_USD": -0.013483259167860346,
    "NZD_JPY": 0.0036159088069639043,
    "NZD_USD": -0.013430136364088546,
    "USD_CAD": -0.023112195180535835,
    "USD_CHF": 0.013547430200028361,
    "USD_JPY": 0.020713039402175403
  },
  "potential_edges": {
    "AUD_USD": -0.030679524504806936
  },
  "summary": {
    "total_instruments": 24,
    "potential_edges_found": 1,
    "max_correlation": 0.020713039402175403,
    "edge_discovery_rate": 0.041666666666666664
  },
  "conclusion": "POTENTIAL EDGES DETECTED: 1 instruments show correlation \u22653.0%",
  "recommendation": "Proceed with full TCNAE + LightGBM training and Monte Carlo validation"
}