{
  "AUD_CHF": {
    "pip_rmse": 103.96869870389675,
    "pip_mae": 73.51758386380608,
    "direction_accuracy": 0.4992700729927007,
    "direction_correlation": -0.00027502773912408546,
    "pip_pred_range": [
      -16.451505637228237,
      14.029782621328792
    ],
    "actual_pip_range": [
      -616.1107717345409,
      600.4776857583436
    ],
    "n_samples": 1370
  },
  "AUD_JPY": {
    "pip_rmse": 1.0762233788794877,
    "pip_mae": 0.759483340633445,
    "direction_accuracy": 0.491970802919708,
    "direction_correlation": -0.035238687783620756,
    "pip_pred_range": [
      -0.09259670288934792,
      0.10848925052182977
    ],
    "actual_pip_range": [
      -5.746505973327509,
      9.09343095298777
    ],
    "n_samples": 1370
  },
  "AUD_NZD": {
    "pip_rmse": 60.523154625803635,
    "pip_mae": 43.28363963938522,
    "direction_accuracy": 0.4905109489051095,
    "direction_correlation": -0.003736439681028233,
    "pip_pred_range": [
      -6.670560565762039,
      4.852707032651078
    ],
    "actual_pip_range": [
      -681.3688913310209,
      359.3535510130218
    ],
    "n_samples": 1370
  },
  "AUD_USD": {
    "pip_rmse": 127.36004856039955,
    "pip_mae": 86.84066375982039,
    "direction_accuracy": 0.5145985401459854,
    "direction_correlation": 0.027906892389205556,
    "pip_pred_range": [
      -10.770374581613563,
      12.56440867519502
    ],
    "actual_pip_range": [
      -680.3510225051672,
      1406.6332022199547
    ],
    "n_samples": 1370
  },
  "CAD_JPY": {
    "pip_rmse": 1.1103988383582133,
    "pip_mae": 0.7667429315630175,
    "direction_accuracy": 0.48759124087591244,
    "direction_correlation": -0.02627204439657498,
    "pip_pred_range": [
      -0.10348359898186898,
      0.08178997911088931
    ],
    "actual_pip_range": [
      -7.396337446122546,
      7.805008972983728
    ],
    "n_samples": 1370
  },
  "CHF_JPY": {
    "pip_rmse": 1.0960578069638962,
    "pip_mae": 0.7605431471545469,
    "direction_accuracy": 0.4832116788321168,
    "direction_correlation": -0.041302998084798606,
    "pip_pred_range": [
      -0.10893700338812501,
      0.14669525554705515
    ],
    "actual_pip_range": [
      -7.82844514304745,
      8.108201663621383
    ],
    "n_samples": 1370
  },
  "EUR_AUD": {
    "pip_rmse": 91.87490578612831,
    "pip_mae": 65.50270616406914,
    "direction_accuracy": 0.5182481751824818,
    "direction_correlation": 0.05068819061088303,
    "pip_pred_range": [
      -8.932489086626251,
      8.727443887326942
    ],
    "actual_pip_range": [
      -601.0245172249345,
      433.17013641126823
    ],
    "n_samples": 1370
  },
  "EUR_CAD": {
    "pip_rmse": 75.75941284706362,
    "pip_mae": 52.078525905976754,
    "direction_accuracy": 0.5,
    "direction_correlation": 0.013988298323294393,
    "pip_pred_range": [
      -4.662115179474753,
      6.652346094475132
    ],
    "actual_pip_range": [
      -486.2357203454422,
      390.4676646065334
    ],
    "n_samples": 1370
  },
  "EUR_CHF": {
    "pip_rmse": 73.16934259909985,
    "pip_mae": 48.25855486937108,
    "direction_accuracy": 0.5124087591240876,
    "direction_correlation": 0.00401318721916603,
    "pip_pred_range": [
      -6.402624742197157,
      5.4417926081587495
    ],
    "actual_pip_range": [
      -592.2520724381687,
      430.6516434885449
    ],
    "n_samples": 1370
  },
  "EUR_GBP": {
    "pip_rmse": 60.84271050107222,
    "pip_mae": 41.25978425861043,
    "direction_accuracy": 0.516058394160584,
    "direction_correlation": 0.0389372739420089,
    "pip_pred_range": [
      -4.547812643408963,
      4.977796183754366
    ],
    "actual_pip_range": [
      -472.61646442183235,
      450.1827426041729
    ],
    "n_samples": 1370
  },
  "EUR_JPY": {
    "pip_rmse": 1.0743048795961585,
    "pip_mae": 0.731452052187545,
    "direction_accuracy": 0.4985401459854015,
    "direction_correlation": 0.00886055539313771,
    "pip_pred_range": [
      -0.08434114724253626,
      0.08924981622898841
    ],
    "actual_pip_range": [
      -6.542901756733885,
      8.113686692033825
    ],
    "n_samples": 1370
  },
  "EUR_NZD": {
    "pip_rmse": 101.01533814931993,
    "pip_mae": 71.03269752576422,
    "direction_accuracy": 0.49708029197080295,
    "direction_correlation": -0.033444655931533396,
    "pip_pred_range": [
      -7.133799694832476,
      8.134721263766087
    ],
    "actual_pip_range": [
      -681.8692517668329,
      573.1197074249694
    ],
    "n_samples": 1370
  },
  "EUR_USD": {
    "pip_rmse": 86.36287689860683,
    "pip_mae": 57.342753787101636,
    "direction_accuracy": 0.5072992700729927,
    "direction_correlation": 0.011027186610773952,
    "pip_pred_range": [
      -10.413853110759963,
      14.980673223385537
    ],
    "actual_pip_range": [
      -403.22267428186694,
      943.0985216981921
    ],
    "n_samples": 1370
  },
  "GBP_AUD": {
    "pip_rmse": 89.60708670012178,
    "pip_mae": 63.92300702710324,
    "direction_accuracy": 0.4927007299270073,
    "direction_correlation": -0.026121569913780923,
    "pip_pred_range": [
      -6.66938616075231,
      10.419520491331005
    ],
    "actual_pip_range": [
      -511.4911664277378,
      433.71624709963714
    ],
    "n_samples": 1370
  },
  "GBP_CAD": {
    "pip_rmse": 78.40148207399193,
    "pip_mae": 54.68558425119174,
    "direction_accuracy": 0.5218978102189781,
    "direction_correlation": 0.026272341892360457,
    "pip_pred_range": [
      -5.962915482919148,
      7.64710154305391
    ],
    "actual_pip_range": [
      -394.50578550660515,
      461.94307867179475
    ],
    "n_samples": 1370
  },
  "GBP_CHF": {
    "pip_rmse": 88.63180527169467,
    "pip_mae": 59.48974927923911,
    "direction_accuracy": 0.5248175182481751,
    "direction_correlation": 0.04495849896504072,
    "pip_pred_range": [
      -20.809319330824103,
      18.05329365261976
    ],
    "actual_pip_range": [
      -474.1822722059437,
      540.2993195767449
    ],
    "n_samples": 1370
  },
  "GBP_JPY": {
    "pip_rmse": 1.0899232094281404,
    "pip_mae": 0.7439798006097907,
    "direction_accuracy": 0.5,
    "direction_correlation": 0.01141146456328725,
    "pip_pred_range": [
      -0.1459784313819334,
      0.1806630199734608
    ],
    "actual_pip_range": [
      -6.59236780403612,
      8.095064056568459
    ],
    "n_samples": 1370
  },
  "GBP_NZD": {
    "pip_rmse": 97.50920047821602,
    "pip_mae": 69.13089743806562,
    "direction_accuracy": 0.502919708029197,
    "direction_correlation": -0.00778838544698465,
    "pip_pred_range": [
      -12.40078539657584,
      11.323139634490378
    ],
    "actual_pip_range": [
      -667.7367460891668,
      531.5842588273555
    ],
    "n_samples": 1370
  },
  "GBP_USD": {
    "pip_rmse": 96.34512775580515,
    "pip_mae": 65.26788752468394,
    "direction_accuracy": 0.5036496350364964,
    "direction_correlation": 0.005411022019323703,
    "pip_pred_range": [
      -15.327479006463143,
      15.132013929828897
    ],
    "actual_pip_range": [
      -397.29639809452175,
      909.3249926963242
    ],
    "n_samples": 1370
  },
  "NZD_JPY": {
    "pip_rmse": 1.1154355884346618,
    "pip_mae": 0.7774504516983551,
    "direction_accuracy": 0.5087591240875913,
    "direction_correlation": 0.026668577132839568,
    "pip_pred_range": [
      -0.09504535463117877,
      0.0826859623539734
    ],
    "actual_pip_range": [
      -6.004939370926529,
      8.86109468750455
    ],
    "n_samples": 1370
  },
  "NZD_USD": {
    "pip_rmse": 135.73188027997077,
    "pip_mae": 93.67720395982099,
    "direction_accuracy": 0.5058394160583941,
    "direction_correlation": -0.008863763184540496,
    "pip_pred_range": [
      -10.618942283014954,
      11.798321477483958
    ],
    "actual_pip_range": [
      -699.8648104983886,
      1392.4953569874153
    ],
    "n_samples": 1370
  },
  "USD_CAD": {
    "pip_rmse": 54.99337508330879,
    "pip_mae": 37.71321160819001,
    "direction_accuracy": 0.5167883211678832,