{
  "experiment_summary": {
    "experiment_id": "usd_proper_20251031_004612",
    "timestamp": "2025-10-31T00:56:52.190715",
    "n_instruments": 24,
    "n_test_samples": 1370,
    "model_architecture": "TCNAE(120D) -> LightGBM(USD_direct)"
  },
  "performance_by_instrument": {
    "AUD_CHF": {
      "rmse_usd": 38.92410798035533,
      "mae_usd": 27.871415391358433,
      "correlation": -0.006905512529996919,
      "direction_accuracy": 0.491970802919708,
      "total_actual_usd": 37866.400000000096,
      "total_predicted_usd": 3908.613532384871,
      "n_samples": 1370
    },
    "AUD_JPY": {
      "rmse_usd": 70.08026635412637,
      "mae_usd": 49.33119457554704,
      "correlation": -0.010826360208877131,
      "direction_accuracy": 0.5145985401459854,
      "total_actual_usd": 67618.40000000014,
      "total_predicted_usd": 3456.3068776215496,
      "n_samples": 1370
    },
    "AUD_NZD": {
      "rmse_usd": 44.84194387457283,
      "mae_usd": 31.415172447815117,
      "correlation": 0.0354674076044916,
      "direction_accuracy": 0.502919708029197,
      "total_actual_usd": 43006.400000000285,
      "total_predicted_usd": 1571.2496613448557,
      "n_samples": 1370
    },
    "AUD_USD": {
      "rmse_usd": 69.62751182680562,
      "mae_usd": 45.19268488475743,
      "correlation": 0.022514001652933876,
      "direction_accuracy": 0.49708029197080295,
      "total_actual_usd": 61746.00000000013,
      "total_predicted_usd": 3551.345679430366,
      "n_samples": 1370
    },
    "CAD_JPY": {
      "rmse_usd": 71.53019592823041,
      "mae_usd": 49.049031791344255,
      "correlation": -0.02157611533427527,
      "direction_accuracy": 0.5087591240875913,
      "total_actual_usd": 67176.79999999974,
      "total_predicted_usd": 2342.806796799609,
      "n_samples": 1370
    },
    "CHF_JPY": {
      "rmse_usd": 139.8687199553634,
      "mae_usd": 93.20660782835971,
      "correlation": -0.021315086013591198,
      "direction_accuracy": 0.5058394160583941,
      "total_actual_usd": 127567.00000000064,
      "total_predicted_usd": 5493.031026605258,
      "n_samples": 1370
    },
    "EUR_AUD": {
      "rmse_usd": 137.2913122249681,
      "mae_usd": 99.9603785890787,
      "correlation": -0.010594581844523129,
      "direction_accuracy": 0.5131386861313869,
      "total_actual_usd": 136905.60000000024,
      "total_predicted_usd": 7101.6871721284215,
      "n_samples": 1370
    },
    "EUR_CAD": {
      "rmse_usd": 100.37895423783779,
      "mae_usd": 67.34715045671734,
      "correlation": 0.013716165496953267,
      "direction_accuracy": 0.48905109489051096,
      "total_actual_usd": 90490.79999999989,
      "total_predicted_usd": 15380.090026564125,
      "n_samples": 1370
    },
    "EUR_CHF": {
      "rmse_usd": 75.47354602443629,
      "mae_usd": 47.35672916678729,
      "correlation": 0.024263960432972697,
      "direction_accuracy": 0.5153284671532846,
      "total_actual_usd": 64702.80000000021,
      "total_predicted_usd": 4917.144096778735,
      "n_samples": 1370
    },
    "EUR_GBP": {
      "rmse_usd": 46.00873827211576,
      "mae_usd": 30.727707738187597,
      "correlation": -0.030799292396189486,
      "direction_accuracy": 0.46934306569343065,
      "total_actual_usd": 41964.00000000006,
      "total_predicted_usd": 1721.0924283225363,
      "n_samples": 1370
    },
    "EUR_JPY": {
      "rmse_usd": 157.78248230453661,
      "mae_usd": 106.9101679820963,
      "correlation": 0.038798407775708775,
      "direction_accuracy": 0.5182481751824818,
      "total_actual_usd": 146113.1999999997,
      "total_predicted_usd": 12617.46180769004,
      "n_samples": 1370
    },
    "EUR_NZD": {
      "rmse_usd": 161.24801771312164,
      "mae_usd": 114.63651655184619,
      "correlation": -0.04794357636965696,
      "direction_accuracy": 0.481021897810219,
      "total_actual_usd": 156177.5999999998,
      "total_predicted_usd": 9871.918405358982,
      "n_samples": 1370
    },
    "EUR_USD": {
      "rmse_usd": 79.6186506224619,
      "mae_usd": 48.83424234400613,
      "correlation": -0.007974006058763758,
      "direction_accuracy": 0.4985401459854015,
      "total_actual_usd": 66766.00000000058,
      "total_predicted_usd": 3780.179157523335,
      "n_samples": 1370
    },
    "GBP_AUD": {
      "rmse_usd": 156.04701815441695,
      "mae_usd": 112.4313583518435,
      "correlation": 0.005211042197552409,
      "direction_accuracy": 0.5102189781021897,
      "total_actual_usd": 153859.20000000054,
      "total_predicted_usd": 7986.94534434544,
      "n_samples": 1370
    },
    "GBP_CAD": {
      "rmse_usd": 124.01779043346299,
      "mae_usd": 81.79539326935382,
      "correlation": 0.025747156132656473,
      "direction_accuracy": 0.5072992700729927,
      "total_actual_usd": 111941.99999999946,
      "total_predicted_usd": 4879.559969947584,
      "n_samples": 1370
    },
    "GBP_CHF": {
      "rmse_usd": 100.30268452664087,
      "mae_usd": 64.24064565283071,
      "correlation": -0.03320570678690986,
      "direction_accuracy": 0.481021897810219,
      "total_actual_usd": 87139.20000000045,
      "total_predicted_usd": 6038.195692791956,
      "n_samples": 1370
    },
    "GBP_JPY": {
      "rmse_usd": 185.88520852805604,
      "mae_usd": 128.16660847043437,
      "correlation": -0.015078586977651746,
      "direction_accuracy": 0.5175182481751824,
      "total_actual_usd": 175517.9999999996,
      "total_predicted_usd": 6657.362914956289,
      "n_samples": 1370
    },
    "GBP_NZD": {
      "rmse_usd": 186.75834228554635,
      "mae_usd": 131.74651947489875,
      "correlation": -0.012077406489866039,
      "direction_accuracy": 0.5124087591240876,
      "total_actual_usd": 179307.59999999925,
      "total_predicted_usd": 18496.564343784405,
      "n_samples": 1370
    },
    "GBP_USD": {
      "rmse_usd": 101.53064561120848,
      "mae_usd": 64.2776096366343,
      "correlation": -0.09331396664966332,
      "direction_accuracy": 0.4744525547445255,
      "total_actual_usd": 87583.99999999987,
      "total_predicted_usd": 3414.2361282325814,
      "n_samples": 1370
    },
    "NZD_JPY": {
      "rmse_usd": 67.58319180239266,
      "mae_usd": 47.3203442083362,
      "correlation": 0.00936656643994405,
      "direction_accuracy": 0.5036496350364964,
      "total_actual_usd": 64316.00000000017,
      "total_predicted_usd": 7270.854305122733,
      "n_samples": 1370
    },
    "NZD_USD": {
      "rmse_usd": 66.70337398827714,
      "mae_usd": 43.572601307606966,
      "correlation": 0.0027029453622172952,
      "direction_accuracy": 0.5051094890510949,
      "total_actual_usd": 59615.99999999996,
      "total_predicted_usd": 3277.904792017759,
      "n_samples": 1370
    },
    "USD_CAD": {
      "rmse_usd": 68.67753065878391,
      "mae_usd": 43.37572955913651,
      "correlation": 0.058270689779453634,
      "direction_accuracy": 0.5072992700729927,
      "total_actual_usd": 59438.99999999987,
      "total_predicted_usd": 1991.7035156941058,
      "n_samples": 1370
    },
    "USD_CHF": {
      "rmse_usd": 80.47663842530535,
      "mae_usd": 48.60014060638549,
      "correlation": 0.03427853855010158,
      "direction_accuracy": 0.4905109489051095,
      "total_actual_usd": 66498.87999999968,
      "total_predicted_usd": 2845.408406456001,
      "n_samples": 1370
    },
    "USD_JPY": {
      "rmse_usd": 112.46878845913376,
      "mae_usd": 70.97206571374635,
      "correlation": 0.04662533864587418,
      "direction_accuracy": 0.5197080291970803,
      "total_actual_usd": 97209.8999999999,
      "total_predicted_usd": 8560.32874276843,
      "n_samples": 1370
    }
  },
  "aggregate_metrics": {
    "avg_rmse_usd": 101.79690250800654,
    "avg_correlation": 0.00022300093378729326,
    "avg_direction_accuracy": 0.5014598540145986,
    "total_actual_movement": 2250530.7800000003,
    "total_predicted_movement": 147131.99082466998,
    "best_performer": "USD_CAD",
    "worst_performer": "GBP_USD"
  },